{
    "plddt": 97.0,
    "gpde": 0.2793539762496948,
    "ptm": 0.9821246266365051,
    "iptm": 0.9759687185287476,
    "chain_ptm": [
        0.9827238917350769,
        0.9413521885871887
    ],
    "chain_iptm": [
        0.9759687185287476,
        0.9759687185287476
    ],
    "chain_pair_iptm": [
        [
            0.0,
            0.9759687185287476
        ],
        [
            0.9759687185287476,
            0.0
        ]
    ],
    "chain_pair_iptm_global": [
        [
            0.0,
            0.9759687185287476
        ],
        [
            0.9759687185287476,
            0.0
        ]
    ],
    "chain_plddt": [
        0.96875,
        0.9453125
    ],
    "chain_pair_plddt": [
        [
            0.0,
            0.96875
        ],
        [
            0.96875,
            0.0
        ]
    ],
    "has_clash": false,
    "disorder": 0.0,
    "ranking_score": 0.977199912071228,
    "num_recycles": 10
}