{
    "plddt": 97.0,
    "gpde": 0.2773181200027466,
    "ptm": 0.982839047908783,
    "iptm": 0.977510392665863,
    "chain_ptm": [
        0.9822916388511658,
        0.9437301754951477
    ],
    "chain_iptm": [
        0.977510392665863,
        0.977510392665863
    ],
    "chain_pair_iptm": [
        [
            0.0,
            0.977510392665863
        ],
        [
            0.977510392665863,
            0.0
        ]
    ],
    "chain_pair_iptm_global": [
        [
            0.0,
            0.977510392665863
        ],
        [
            0.977510392665863,
            0.0
        ]
    ],
    "chain_plddt": [
        0.96875,
        0.953125
    ],
    "chain_pair_plddt": [
        [
            0.0,
            0.96875
        ],
        [
            0.96875,
            0.0
        ]
    ],
    "has_clash": false,
    "disorder": 0.0,
    "ranking_score": 0.9785761833190918,
    "num_recycles": 10
}