{
    "plddt": 97.0,
    "gpde": 0.2781820297241211,
    "ptm": 0.9822390675544739,
    "iptm": 0.9816486835479736,
    "chain_ptm": [
        0.9807238578796387,
        0.9481072425842285
    ],
    "chain_iptm": [
        0.9816486835479736,
        0.9816486835479736
    ],
    "chain_pair_iptm": [
        [
            0.0,
            0.9816486835479736
        ],
        [
            0.9816486835479736,
            0.0
        ]
    ],
    "chain_pair_iptm_global": [
        [
            0.0,
            0.9816486835479736
        ],
        [
            0.9816486835479736,
            0.0
        ]
    ],
    "chain_plddt": [
        0.96875,
        0.9453125
    ],
    "chain_pair_plddt": [
        [
            0.0,
            0.96875
        ],
        [
            0.96875,
            0.0
        ]
    ],
    "has_clash": false,
    "disorder": 0.0,
    "ranking_score": 0.9817668199539185,
    "num_recycles": 10
}