{
    "plddt": 97.0,
    "gpde": 0.27869245409965515,
    "ptm": 0.9827439785003662,
    "iptm": 0.9740468859672546,
    "chain_ptm": [
        0.9834190011024475,
        0.9412998557090759
    ],
    "chain_iptm": [
        0.9740468859672546,
        0.9740468859672546
    ],
    "chain_pair_iptm": [
        [
            0.0,
            0.9740468859672546
        ],
        [
            0.9740468859672546,
            0.0
        ]
    ],
    "chain_pair_iptm_global": [
        [
            0.0,
            0.9740468859672546
        ],
        [
            0.9740468859672546,
            0.0
        ]
    ],
    "chain_plddt": [
        0.96875,
        0.94140625
    ],
    "chain_pair_plddt": [
        [
            0.0,
            0.96875
        ],
        [
            0.96875,
            0.0
        ]
    ],
    "has_clash": false,
    "disorder": 0.0,
    "ranking_score": 0.9757863283157349,
    "num_recycles": 10
}