{
    "plddt": 97.0,
    "gpde": 0.2799660861492157,
    "ptm": 0.9812676906585693,
    "iptm": 0.9811623692512512,
    "chain_ptm": [
        0.9818670749664307,
        0.9472342133522034
    ],
    "chain_iptm": [
        0.9811623692512512,
        0.9811623692512512
    ],
    "chain_pair_iptm": [
        [
            0.0,
            0.9811623692512512
        ],
        [
            0.9811623692512512,
            0.0
        ]
    ],
    "chain_pair_iptm_global": [
        [
            0.0,
            0.9811623692512512
        ],
        [
            0.9811623692512512,
            0.0
        ]
    ],
    "chain_plddt": [
        0.96875,
        0.953125
    ],
    "chain_pair_plddt": [
        [
            0.0,
            0.96875
        ],
        [
            0.96875,
            0.0
        ]
    ],
    "has_clash": false,
    "disorder": 0.0,
    "ranking_score": 0.9811834692955017,
    "num_recycles": 10
}