{
    "confidence_score": 0.6824164986610413,
    "ptm": 0.8165412545204163,
    "iptm": 0.14186352491378784,
    "ligand_iptm": 0.14186352491378784,
    "protein_iptm": 0.0,
    "complex_plddt": 0.8175547122955322,
    "complex_iplddt": 0.3073696494102478,
    "complex_pde": 1.7722512483596802,
    "complex_ipde": 12.070521354675293,
    "chains_ptm": {
        "0": 0.9735132455825806,
        "1": 0.7114641666412354
    },
    "pair_chains_iptm": {
        "0": {
            "0": 0.9735132455825806,
            "1": 0.08775965869426727
        },
        "1": {
            "0": 0.14186352491378784,
            "1": 0.7114641666412354
        }
    }
}