{
    "confidence_score": 0.6779218316078186,
    "ptm": 0.8149879574775696,
    "iptm": 0.12867571413516998,
    "ligand_iptm": 0.12867571413516998,
    "protein_iptm": 0.0,
    "complex_plddt": 0.8152333498001099,
    "complex_iplddt": 0.2879733443260193,
    "complex_pde": 1.803957223892212,
    "complex_ipde": 12.33724594116211,
    "chains_ptm": {
        "0": 0.973932683467865,
        "1": 0.7106426954269409
    },
    "pair_chains_iptm": {
        "0": {
            "0": 0.973932683467865,
            "1": 0.0840291753411293
        },
        "1": {
            "0": 0.12867571413516998,
            "1": 0.7106426954269409
        }
    }
}