{
    "confidence_score": 0.7425907254219055,
    "ptm": 0.8451542854309082,
    "iptm": 0.30996766686439514,
    "ligand_iptm": 0.30996766686439514,
    "protein_iptm": 0.0,
    "complex_plddt": 0.8507464528083801,
    "complex_iplddt": 0.4493407905101776,
    "complex_pde": 1.0073221921920776,
    "complex_ipde": 5.547614574432373,
    "chains_ptm": {
        "0": 0.9714433550834656,
        "1": 0.710390567779541
    },
    "pair_chains_iptm": {
        "0": {
            "0": 0.9714433550834656,
            "1": 0.08424336463212967
        },
        "1": {
            "0": 0.30996766686439514,
            "1": 0.710390567779541
        }
    }
}