{
    "confidence_score": 0.6801639795303345,
    "ptm": 0.8156755566596985,
    "iptm": 0.13421280682086945,
    "ligand_iptm": 0.13421280682086945,
    "protein_iptm": 0.0,
    "complex_plddt": 0.8166517615318298,
    "complex_iplddt": 0.2950615882873535,
    "complex_pde": 1.8024612665176392,
    "complex_ipde": 12.33036994934082,
    "chains_ptm": {
        "0": 0.9740391969680786,
        "1": 0.7116744518280029
    },
    "pair_chains_iptm": {
        "0": {
            "0": 0.9740391969680786,
            "1": 0.08638840913772583
        },
        "1": {
            "0": 0.13421280682086945,
            "1": 0.7116744518280029
        }
    }
}