{
    "confidence_score": 0.6773133873939514,
    "ptm": 0.8134969472885132,
    "iptm": 0.125255286693573,
    "ligand_iptm": 0.125255286693573,
    "protein_iptm": 0.0,
    "complex_plddt": 0.8153278827667236,
    "complex_iplddt": 0.28887176513671875,
    "complex_pde": 1.8025387525558472,
    "complex_ipde": 12.314099311828613,
    "chains_ptm": {
        "0": 0.9739492535591125,
        "1": 0.7090728282928467
    },
    "pair_chains_iptm": {
        "0": {
            "0": 0.9739492535591125,
            "1": 0.07830467075109482
        },
        "1": {
            "0": 0.125255286693573,
            "1": 0.7090728282928467
        }
    }
}