{
    "plddt": 97.0,
    "gpde": 0.28027811646461487,
    "ptm": 0.9820647239685059,
    "iptm": 0.9720832705497742,
    "chain_ptm": [
        0.9830946922302246,
        0.9391213655471802
    ],
    "chain_iptm": [
        0.9720832705497742,
        0.9720832705497742
    ],
    "chain_pair_iptm": [
        [
            0.0,
            0.9720832705497742
        ],
        [
            0.9720832705497742,
            0.0
        ]
    ],
    "chain_pair_iptm_global": [
        [
            0.0,
            0.9720832705497742
        ],
        [
            0.9720832705497742,
            0.0
        ]
    ],
    "chain_plddt": [
        0.96875,
        0.94140625
    ],
    "chain_pair_plddt": [
        [
            0.0,
            0.96875
        ],
        [
            0.96875,
            0.0
        ]
    ],
    "has_clash": false,
    "disorder": 0.0,
    "ranking_score": 0.9740796089172363,
    "num_recycles": 10
}