{
    "plddt": 97.0,
    "gpde": 0.27795901894569397,
    "ptm": 0.9823653697967529,
    "iptm": 0.9825401306152344,
    "chain_ptm": [
        0.9808282852172852,
        0.948489248752594
    ],
    "chain_iptm": [
        0.9825401306152344,
        0.9825401306152344
    ],
    "chain_pair_iptm": [
        [
            0.0,
            0.9825401306152344
        ],
        [
            0.9825401306152344,
            0.0
        ]
    ],
    "chain_pair_iptm_global": [
        [
            0.0,
            0.9825401306152344
        ],
        [
            0.9825401306152344,
            0.0
        ]
    ],
    "chain_plddt": [
        0.96875,
        0.9453125
    ],
    "chain_pair_plddt": [
        [
            0.0,
            0.96875
        ],
        [
            0.96875,
            0.0
        ]
    ],
    "has_clash": false,
    "disorder": 0.0,
    "ranking_score": 0.982505202293396,
    "num_recycles": 10
}