{
    "plddt": 97.0,
    "gpde": 0.2787386178970337,
    "ptm": 0.9818887710571289,
    "iptm": 0.981827437877655,
    "chain_ptm": [
        0.9804410338401794,
        0.9477216601371765
    ],
    "chain_iptm": [
        0.981827437877655,
        0.981827437877655
    ],
    "chain_pair_iptm": [
        [
            0.0,
            0.981827437877655
        ],
        [
            0.981827437877655,
            0.0
        ]
    ],
    "chain_pair_iptm_global": [
        [
            0.0,
            0.981827437877655
        ],
        [
            0.981827437877655,
            0.0
        ]
    ],
    "chain_plddt": [
        0.96875,
        0.9453125
    ],
    "chain_pair_plddt": [
        [
            0.0,
            0.96875
        ],
        [
            0.96875,
            0.0
        ]
    ],
    "has_clash": false,
    "disorder": 0.0,
    "ranking_score": 0.9818397164344788,
    "num_recycles": 10
}