{
    "plddt": 97.0,
    "gpde": 0.27764517068862915,
    "ptm": 0.9831205010414124,
    "iptm": 0.977155864238739,
    "chain_ptm": [
        0.9829215407371521,
        0.9449491500854492
    ],
    "chain_iptm": [
        0.977155864238739,
        0.977155864238739
    ],
    "chain_pair_iptm": [
        [
            0.0,
            0.977155864238739
        ],
        [
            0.977155864238739,
            0.0
        ]
    ],
    "chain_pair_iptm_global": [
        [
            0.0,
            0.977155864238739
        ],
        [
            0.977155864238739,
            0.0
        ]
    ],
    "chain_plddt": [
        0.96875,
        0.9453125
    ],
    "chain_pair_plddt": [
        [
            0.0,
            0.96875
        ],
        [
            0.96875,
            0.0
        ]
    ],
    "has_clash": false,
    "disorder": 0.0,
    "ranking_score": 0.9783487915992737,
    "num_recycles": 10
}