{
    "plddt": 97.0,
    "gpde": 0.27860692143440247,
    "ptm": 0.982891857624054,
    "iptm": 0.974492073059082,
    "chain_ptm": [
        0.9832643866539001,
        0.9417370557785034
    ],
    "chain_iptm": [
        0.974492073059082,
        0.974492073059082
    ],
    "chain_pair_iptm": [
        [
            0.0,
            0.974492073059082
        ],
        [
            0.974492073059082,
            0.0
        ]
    ],
    "chain_pair_iptm_global": [
        [
            0.0,
            0.974492073059082
        ],
        [
            0.974492073059082,
            0.0
        ]
    ],
    "chain_plddt": [
        0.96875,
        0.9453125
    ],
    "chain_pair_plddt": [
        [
            0.0,
            0.96875
        ],
        [
            0.96875,
            0.0
        ]
    ],
    "has_clash": false,
    "disorder": 0.0,
    "ranking_score": 0.9761720299720764,
    "num_recycles": 10
}