{
    "plddt": 97.0,
    "gpde": 0.2777734696865082,
    "ptm": 0.9830044507980347,
    "iptm": 0.9771966934204102,
    "chain_ptm": [
        0.9826301336288452,
        0.9438730478286743
    ],
    "chain_iptm": [
        0.9771966934204102,
        0.9771966934204102
    ],
    "chain_pair_iptm": [
        [
            0.0,
            0.9771966934204102
        ],
        [
            0.9771966934204102,
            0.0
        ]
    ],
    "chain_pair_iptm_global": [
        [
            0.0,
            0.9771966934204102
        ],
        [
            0.9771966934204102,
            0.0
        ]
    ],
    "chain_plddt": [
        0.96875,
        0.94921875
    ],
    "chain_pair_plddt": [
        [
            0.0,
            0.96875
        ],
        [
            0.96875,
            0.0
        ]
    ],
    "has_clash": false,
    "disorder": 0.0,
    "ranking_score": 0.978358268737793,
    "num_recycles": 10
}