{
    "plddt": 97.0,
    "gpde": 0.2872324287891388,
    "ptm": 0.9812241792678833,
    "iptm": 0.967684268951416,
    "chain_ptm": [
        0.9821264743804932,
        0.9419009685516357
    ],
    "chain_iptm": [
        0.967684268951416,
        0.967684268951416
    ],
    "chain_pair_iptm": [
        [
            0.0,
            0.967684268951416
        ],
        [
            0.967684268951416,
            0.0
        ]
    ],
    "chain_pair_iptm_global": [
        [
            0.0,
            0.967684268951416
        ],
        [
            0.967684268951416,
            0.0
        ]
    ],
    "chain_plddt": [
        0.96875,
        0.90625
    ],
    "chain_pair_plddt": [
        [
            0.0,
            0.96875
        ],
        [
            0.96875,
            0.0
        ]
    ],
    "has_clash": false,
    "disorder": 0.0,
    "ranking_score": 0.9703922867774963,
    "num_recycles": 10
}