{
    "plddt": 97.0,
    "gpde": 0.2806778848171234,
    "ptm": 0.9818402528762817,
    "iptm": 0.9718676805496216,
    "chain_ptm": [
        0.9831894040107727,
        0.9390116930007935
    ],
    "chain_iptm": [
        0.9718676805496216,
        0.9718676805496216
    ],
    "chain_pair_iptm": [
        [
            0.0,
            0.9718676805496216
        ],
        [
            0.9718676805496216,
            0.0
        ]
    ],
    "chain_pair_iptm_global": [
        [
            0.0,
            0.9718676805496216
        ],
        [
            0.9718676805496216,
            0.0
        ]
    ],
    "chain_plddt": [
        0.96875,
        0.94140625
    ],
    "chain_pair_plddt": [
        [
            0.0,
            0.96875
        ],
        [
            0.96875,
            0.0
        ]
    ],
    "has_clash": false,
    "disorder": 0.0,
    "ranking_score": 0.9738621711730957,
    "num_recycles": 10
}