{
    "plddt": 97.0,
    "gpde": 0.2783830463886261,
    "ptm": 0.9832284450531006,
    "iptm": 0.9759907126426697,
    "chain_ptm": [
        0.9832320809364319,
        0.943909764289856
    ],
    "chain_iptm": [
        0.9759907126426697,
        0.9759907126426697
    ],
    "chain_pair_iptm": [
        [
            0.0,
            0.9759907126426697
        ],
        [
            0.9759907126426697,
            0.0
        ]
    ],
    "chain_pair_iptm_global": [
        [
            0.0,
            0.9759907126426697
        ],
        [
            0.9759907126426697,
            0.0
        ]
    ],
    "chain_plddt": [
        0.96875,
        0.9453125
    ],
    "chain_pair_plddt": [
        [
            0.0,
            0.96875
        ],
        [
            0.96875,
            0.0
        ]
    ],
    "has_clash": false,
    "disorder": 0.0,
    "ranking_score": 0.9774382710456848,
    "num_recycles": 10
}