{
    "plddt": 97.0,
    "gpde": 0.27984264492988586,
    "ptm": 0.9815084934234619,
    "iptm": 0.9800643920898438,
    "chain_ptm": [
        0.9825481176376343,
        0.9438901543617249
    ],
    "chain_iptm": [
        0.9800643920898438,
        0.9800643920898438
    ],
    "chain_pair_iptm": [
        [
            0.0,
            0.9800643920898438
        ],
        [
            0.9800643920898438,
            0.0
        ]
    ],
    "chain_pair_iptm_global": [
        [
            0.0,
            0.9800643920898438
        ],
        [
            0.9800643920898438,
            0.0
        ]
    ],
    "chain_plddt": [
        0.96875,
        0.9453125
    ],
    "chain_pair_plddt": [
        [
            0.0,
            0.96875
        ],
        [
            0.96875,
            0.0
        ]
    ],
    "has_clash": false,
    "disorder": 0.0,
    "ranking_score": 0.9803532361984253,
    "num_recycles": 10
}