{
    "plddt": 97.0,
    "gpde": 0.27926307916641235,
    "ptm": 0.9827926754951477,
    "iptm": 0.9753479957580566,
    "chain_ptm": [
        0.9828327894210815,
        0.9426475763320923
    ],
    "chain_iptm": [
        0.9753479957580566,
        0.9753479957580566
    ],
    "chain_pair_iptm": [
        [
            0.0,
            0.9753479957580566
        ],
        [
            0.9753479957580566,
            0.0
        ]
    ],
    "chain_pair_iptm_global": [
        [
            0.0,
            0.9753479957580566
        ],
        [
            0.9753479957580566,
            0.0
        ]
    ],
    "chain_plddt": [
        0.96875,
        0.9453125
    ],
    "chain_pair_plddt": [
        [
            0.0,
            0.96875
        ],
        [
            0.96875,
            0.0
        ]
    ],
    "has_clash": false,
    "disorder": 0.0,
    "ranking_score": 0.9768369197845459,
    "num_recycles": 10
}