{
    "plddt": 97.0,
    "gpde": 0.2866072654724121,
    "ptm": 0.981120228767395,
    "iptm": 0.967758059501648,
    "chain_ptm": [
        0.9817166924476624,
        0.9418978095054626
    ],
    "chain_iptm": [
        0.967758059501648,
        0.967758059501648
    ],
    "chain_pair_iptm": [
        [
            0.0,
            0.967758059501648
        ],
        [
            0.967758059501648,
            0.0
        ]
    ],
    "chain_pair_iptm_global": [
        [
            0.0,
            0.967758059501648
        ],
        [
            0.967758059501648,
            0.0
        ]
    ],
    "chain_plddt": [
        0.96875,
        0.9140625
    ],
    "chain_pair_plddt": [
        [
            0.0,
            0.96875
        ],
        [
            0.96875,
            0.0
        ]
    ],
    "has_clash": false,
    "disorder": 0.0,
    "ranking_score": 0.9704304933547974,
    "num_recycles": 10
}