{
    "plddt": 97.0,
    "gpde": 0.27783143520355225,
    "ptm": 0.981929361820221,
    "iptm": 0.982304036617279,
    "chain_ptm": [
        0.9822770953178406,
        0.9467923641204834
    ],
    "chain_iptm": [
        0.982304036617279,
        0.982304036617279
    ],
    "chain_pair_iptm": [
        [
            0.0,
            0.982304036617279
        ],
        [
            0.982304036617279,
            0.0
        ]
    ],
    "chain_pair_iptm_global": [
        [
            0.0,
            0.982304036617279
        ],
        [
            0.982304036617279,
            0.0
        ]
    ],
    "chain_plddt": [
        0.96875,
        0.953125
    ],
    "chain_pair_plddt": [
        [
            0.0,
            0.96875
        ],
        [
            0.96875,
            0.0
        ]
    ],
    "has_clash": false,
    "disorder": 0.0,
    "ranking_score": 0.9822291135787964,
    "num_recycles": 10
}