{
    "plddt": 97.0,
    "gpde": 0.2795392870903015,
    "ptm": 0.9827205538749695,
    "iptm": 0.9752442240715027,
    "chain_ptm": [
        0.9827737212181091,
        0.9431106448173523
    ],
    "chain_iptm": [
        0.9752442240715027,
        0.9752442240715027
    ],
    "chain_pair_iptm": [
        [
            0.0,
            0.9752442240715027
        ],
        [
            0.9752442240715027,
            0.0
        ]
    ],
    "chain_pair_iptm_global": [
        [
            0.0,
            0.9752442240715027
        ],
        [
            0.9752442240715027,
            0.0
        ]
    ],
    "chain_plddt": [
        0.96875,
        0.9453125
    ],
    "chain_pair_plddt": [
        [
            0.0,
            0.96875
        ],
        [
            0.96875,
            0.0
        ]
    ],
    "has_clash": false,
    "disorder": 0.0,
    "ranking_score": 0.9767395257949829,
    "num_recycles": 10
}