{
    "plddt": 97.0,
    "gpde": 0.27555108070373535,
    "ptm": 0.9837854504585266,
    "iptm": 0.9790971875190735,
    "chain_ptm": [
        0.9832532405853271,
        0.9457846283912659
    ],
    "chain_iptm": [
        0.9790971875190735,
        0.9790971875190735
    ],
    "chain_pair_iptm": [
        [
            0.0,
            0.9790971875190735
        ],
        [
            0.9790971875190735,
            0.0
        ]
    ],
    "chain_pair_iptm_global": [
        [
            0.0,
            0.9790971875190735
        ],
        [
            0.9790971875190735,
            0.0
        ]
    ],
    "chain_plddt": [
        0.96875,
        0.9453125
    ],
    "chain_pair_plddt": [
        [
            0.0,
            0.96875
        ],
        [
            0.96875,
            0.0
        ]
    ],
    "has_clash": false,
    "disorder": 0.0,
    "ranking_score": 0.9800348281860352,
    "num_recycles": 10
}