{
    "confidence_score": 0.674119770526886,
    "ptm": 0.8120794296264648,
    "iptm": 0.11837346106767654,
    "ligand_iptm": 0.11837346106767654,
    "protein_iptm": 0.0,
    "complex_plddt": 0.8130563497543335,
    "complex_iplddt": 0.2874496579170227,
    "complex_pde": 1.806524634361267,
    "complex_ipde": 12.376035690307617,
    "chains_ptm": {
        "0": 0.9735862612724304,
        "1": 0.7104520201683044
    },
    "pair_chains_iptm": {
        "0": {
            "0": 0.9735862612724304,
            "1": 0.07572031021118164
        },
        "1": {
            "0": 0.11837346106767654,
            "1": 0.7104520201683044
        }
    }
}