{
    "confidence_score": 0.6794825196266174,
    "ptm": 0.8148419260978699,
    "iptm": 0.13382382690906525,
    "ligand_iptm": 0.13382382690906525,
    "protein_iptm": 0.0,
    "complex_plddt": 0.8158971667289734,
    "complex_iplddt": 0.2823224663734436,
    "complex_pde": 1.8177070617675781,
    "complex_ipde": 12.346611022949219,
    "chains_ptm": {
        "0": 0.974292516708374,
        "1": 0.7065418362617493
    },
    "pair_chains_iptm": {
        "0": {
            "0": 0.974292516708374,
            "1": 0.08300060778856277
        },
        "1": {
            "0": 0.13382382690906525,
            "1": 0.7065418362617493
        }
    }
}