{
    "confidence_score": 0.7499520182609558,
    "ptm": 0.8502725958824158,
    "iptm": 0.3350621163845062,
    "ligand_iptm": 0.3350621163845062,
    "protein_iptm": 0.0,
    "complex_plddt": 0.8536745309829712,
    "complex_iplddt": 0.4394868016242981,
    "complex_pde": 0.9924877285957336,
    "complex_ipde": 5.446032524108887,
    "chains_ptm": {
        "0": 0.9736506938934326,
        "1": 0.7117666602134705
    },
    "pair_chains_iptm": {
        "0": {
            "0": 0.9736506938934326,
            "1": 0.0954861119389534
        },
        "1": {
            "0": 0.3350621163845062,
            "1": 0.7117666602134705
        }
    }
}