{
    "confidence_score": 0.749579668045044,
    "ptm": 0.849843442440033,
    "iptm": 0.3366415202617645,
    "ligand_iptm": 0.3366415202617645,
    "protein_iptm": 0.0,
    "complex_plddt": 0.8528141975402832,
    "complex_iplddt": 0.4248225688934326,
    "complex_pde": 1.0062061548233032,
    "complex_ipde": 5.531262397766113,
    "chains_ptm": {
        "0": 0.9729653000831604,
        "1": 0.7108666300773621
    },
    "pair_chains_iptm": {
        "0": {
            "0": 0.9729653000831604,
            "1": 0.09430602192878723
        },
        "1": {
            "0": 0.3366415202617645,
            "1": 0.7108666300773621
        }
    }
}