{
    "confidence_score": 0.755465567111969,
    "ptm": 0.8525115847587585,
    "iptm": 0.35032063722610474,
    "ligand_iptm": 0.35032063722610474,
    "protein_iptm": 0.0,
    "complex_plddt": 0.8567517995834351,
    "complex_iplddt": 0.4588910937309265,
    "complex_pde": 0.9972650408744812,
    "complex_ipde": 5.495700836181641,
    "chains_ptm": {
        "0": 0.9734448194503784,
        "1": 0.7090203166007996
    },
    "pair_chains_iptm": {
        "0": {
            "0": 0.9734448194503784,
            "1": 0.08924558013677597
        },
        "1": {
            "0": 0.35032063722610474,
            "1": 0.7090203166007996
        }
    }
}