{
    "confidence_score": 0.7500430941581726,
    "ptm": 0.8519203662872314,
    "iptm": 0.3416699171066284,
    "ligand_iptm": 0.3416699171066284,
    "protein_iptm": 0.0,
    "complex_plddt": 0.8521364331245422,
    "complex_iplddt": 0.41271111369132996,
    "complex_pde": 0.9852365255355835,
    "complex_ipde": 5.421858310699463,
    "chains_ptm": {
        "0": 0.9736087918281555,
        "1": 0.7086373567581177
    },
    "pair_chains_iptm": {
        "0": {
            "0": 0.9736087918281555,
            "1": 0.09342696517705917
        },
        "1": {
            "0": 0.3416699171066284,
            "1": 0.7086373567581177
        }
    }
}