{
    "confidence_score": 0.6849830150604248,
    "ptm": 0.8186041712760925,
    "iptm": 0.15012884140014648,
    "ligand_iptm": 0.15012884140014648,
    "protein_iptm": 0.0,
    "complex_plddt": 0.8186965584754944,
    "complex_iplddt": 0.30336320400238037,
    "complex_pde": 1.7745916843414307,
    "complex_ipde": 12.103727340698242,
    "chains_ptm": {
        "0": 0.9737553000450134,
        "1": 0.7111538052558899
    },
    "pair_chains_iptm": {
        "0": {
            "0": 0.9737553000450134,
            "1": 0.09360469877719879
        },
        "1": {
            "0": 0.15012884140014648,
            "1": 0.7111538052558899
        }
    }
}