{
    "confidence_score": 0.6786944270133972,
    "ptm": 0.813990592956543,
    "iptm": 0.13071197271347046,
    "ligand_iptm": 0.13071197271347046,
    "protein_iptm": 0.0,
    "complex_plddt": 0.8156899809837341,
    "complex_iplddt": 0.29758715629577637,
    "complex_pde": 1.7970147132873535,
    "complex_ipde": 12.279964447021484,
    "chains_ptm": {
        "0": 0.9731378555297852,
        "1": 0.7096862196922302
    },
    "pair_chains_iptm": {
        "0": {
            "0": 0.9731378555297852,
            "1": 0.08078495413064957
        },
        "1": {
            "0": 0.13071197271347046,
            "1": 0.7096862196922302
        }
    }
}