{
    "confidence_score": 0.6739750504493713,
    "ptm": 0.8115678429603577,
    "iptm": 0.11628318578004837,
    "ligand_iptm": 0.11628318578004837,
    "protein_iptm": 0.0,
    "complex_plddt": 0.813398003578186,
    "complex_iplddt": 0.28841495513916016,
    "complex_pde": 1.8281253576278687,
    "complex_ipde": 12.555791854858398,
    "chains_ptm": {
        "0": 0.9729212522506714,
        "1": 0.7116754651069641
    },
    "pair_chains_iptm": {
        "0": {
            "0": 0.9729212522506714,
            "1": 0.07670866698026657
        },
        "1": {
            "0": 0.11628318578004837,
            "1": 0.7116754651069641
        }
    }
}