{
    "confidence_score": 0.6749448180198669,
    "ptm": 0.8120666742324829,
    "iptm": 0.11904525756835938,
    "ligand_iptm": 0.11904525756835938,
    "protein_iptm": 0.0,
    "complex_plddt": 0.813919723033905,
    "complex_iplddt": 0.2756634056568146,
    "complex_pde": 1.845932126045227,
    "complex_ipde": 12.665355682373047,
    "chains_ptm": {
        "0": 0.9729874730110168,
        "1": 0.7117742300033569
    },
    "pair_chains_iptm": {
        "0": {
            "0": 0.9729874730110168,
            "1": 0.08162049204111099
        },
        "1": {
            "0": 0.11904525756835938,
            "1": 0.7117742300033569
        }
    }
}