{
    "confidence_score": 0.6796297430992126,
    "ptm": 0.8151935338973999,
    "iptm": 0.13406874239444733,
    "ligand_iptm": 0.13406874239444733,
    "protein_iptm": 0.0,
    "complex_plddt": 0.8160200119018555,
    "complex_iplddt": 0.2929688096046448,
    "complex_pde": 1.7977021932601929,
    "complex_ipde": 12.240666389465332,
    "chains_ptm": {
        "0": 0.9734846353530884,
        "1": 0.7107354402542114
    },
    "pair_chains_iptm": {
        "0": {
            "0": 0.9734846353530884,
            "1": 0.08540428429841995
        },
        "1": {
            "0": 0.13406874239444733,
            "1": 0.7107354402542114
        }
    }
}