{
    "confidence_score": 0.6719176769256592,
    "ptm": 0.810818076133728,
    "iptm": 0.10787153989076614,
    "ligand_iptm": 0.10787153989076614,
    "protein_iptm": 0.0,
    "complex_plddt": 0.8129292130470276,
    "complex_iplddt": 0.2772146463394165,
    "complex_pde": 1.8382362127304077,
    "complex_ipde": 12.638263702392578,
    "chains_ptm": {
        "0": 0.9744305610656738,
        "1": 0.7087539434432983
    },
    "pair_chains_iptm": {
        "0": {
            "0": 0.9744305610656738,
            "1": 0.07098305970430374
        },
        "1": {
            "0": 0.10787153989076614,
            "1": 0.7087539434432983
        }
    }
}