{
    "confidence_score": 0.6719573736190796,
    "ptm": 0.8111360669136047,
    "iptm": 0.11181846261024475,
    "ligand_iptm": 0.11181846261024475,
    "protein_iptm": 0.0,
    "complex_plddt": 0.8119920492172241,
    "complex_iplddt": 0.27601030468940735,
    "complex_pde": 1.8344266414642334,
    "complex_ipde": 12.605157852172852,
    "chains_ptm": {
        "0": 0.9732810854911804,
        "1": 0.7112374305725098
    },
    "pair_chains_iptm": {
        "0": {
            "0": 0.9732810854911804,
            "1": 0.0719984695315361
        },
        "1": {
            "0": 0.11181846261024475,
            "1": 0.7112374305725098
        }
    }
}