{
    "confidence_score": 0.7528113722801208,
    "ptm": 0.8509283661842346,
    "iptm": 0.34185516834259033,
    "ligand_iptm": 0.34185516834259033,
    "protein_iptm": 0.0,
    "complex_plddt": 0.8555504083633423,
    "complex_iplddt": 0.45964327454566956,
    "complex_pde": 0.9716214537620544,
    "complex_ipde": 5.223389625549316,
    "chains_ptm": {
        "0": 0.9728999733924866,
        "1": 0.713029146194458
    },
    "pair_chains_iptm": {
        "0": {
            "0": 0.9728999733924866,
            "1": 0.09291573613882065
        },
        "1": {
            "0": 0.34185516834259033,
            "1": 0.713029146194458
        }
    }
}