{
    "confidence_score": 0.741334855556488,
    "ptm": 0.8425821661949158,
    "iptm": 0.29848185181617737,
    "ligand_iptm": 0.29848185181617737,
    "protein_iptm": 0.0,
    "complex_plddt": 0.8520480990409851,
    "complex_iplddt": 0.45765164494514465,
    "complex_pde": 1.0745972394943237,
    "complex_ipde": 6.059543609619141,
    "chains_ptm": {
        "0": 0.9726030826568604,
        "1": 0.7076173424720764
    },
    "pair_chains_iptm": {
        "0": {
            "0": 0.9726030826568604,
            "1": 0.08580239862203598
        },
        "1": {
            "0": 0.29848185181617737,
            "1": 0.7076173424720764
        }
    }
}