{
    "confidence_score": 0.6720971465110779,
    "ptm": 0.8104411959648132,
    "iptm": 0.11112233996391296,
    "ligand_iptm": 0.11112233996391296,
    "protein_iptm": 0.0,
    "complex_plddt": 0.8123408555984497,
    "complex_iplddt": 0.28360170125961304,
    "complex_pde": 1.8532750606536865,
    "complex_ipde": 12.667953491210938,
    "chains_ptm": {
        "0": 0.9733889698982239,
        "1": 0.710570216178894
    },
    "pair_chains_iptm": {
        "0": {
            "0": 0.9733889698982239,
            "1": 0.07349058240652084
        },
        "1": {
            "0": 0.11112233996391296,
            "1": 0.710570216178894
        }
    }
}