{
    "confidence_score": 0.7594277858734131,
    "ptm": 0.8551284670829773,
    "iptm": 0.36360064148902893,
    "ligand_iptm": 0.36360064148902893,
    "protein_iptm": 0.0,
    "complex_plddt": 0.8583845496177673,
    "complex_iplddt": 0.4734651744365692,
    "complex_pde": 0.9800947308540344,
    "complex_ipde": 5.264382839202881,
    "chains_ptm": {
        "0": 0.9734463095664978,
        "1": 0.709388017654419
    },
    "pair_chains_iptm": {
        "0": {
            "0": 0.9734463095664978,
            "1": 0.09488285332918167
        },
        "1": {
            "0": 0.36360064148902893,
            "1": 0.709388017654419
        }
    }
}