{
    "confidence_score": 0.6787415742874146,
    "ptm": 0.8143165707588196,
    "iptm": 0.1312675029039383,
    "ligand_iptm": 0.1312675029039383,
    "protein_iptm": 0.0,
    "complex_plddt": 0.8156100511550903,
    "complex_iplddt": 0.2899632155895233,
    "complex_pde": 1.815024733543396,
    "complex_ipde": 12.374150276184082,
    "chains_ptm": {
        "0": 0.9736319184303284,
        "1": 0.7107139229774475
    },
    "pair_chains_iptm": {
        "0": {
            "0": 0.9736319184303284,
            "1": 0.07866929471492767
        },
        "1": {
            "0": 0.1312675029039383,
            "1": 0.7107139229774475
        }
    }
}