{
    "confidence_score": 0.7493810057640076,
    "ptm": 0.8498521447181702,
    "iptm": 0.33874571323394775,
    "ligand_iptm": 0.33874571323394775,
    "protein_iptm": 0.0,
    "complex_plddt": 0.8520398139953613,
    "complex_iplddt": 0.4214785099029541,
    "complex_pde": 1.0045465230941772,
    "complex_ipde": 5.490234375,
    "chains_ptm": {
        "0": 0.9726283550262451,
        "1": 0.7104251384735107
    },
    "pair_chains_iptm": {
        "0": {
            "0": 0.9726283550262451,
            "1": 0.09168785065412521
        },
        "1": {
            "0": 0.33874571323394775,
            "1": 0.7104251384735107
        }
    }
}