{
    "confidence_score": 0.6810824275016785,
    "ptm": 0.8164207339286804,
    "iptm": 0.1401616483926773,
    "ligand_iptm": 0.1401616483926773,
    "protein_iptm": 0.0,
    "complex_plddt": 0.8163126111030579,
    "complex_iplddt": 0.29353004693984985,
    "complex_pde": 1.7925307750701904,
    "complex_ipde": 12.160191535949707,
    "chains_ptm": {
        "0": 0.974135160446167,
        "1": 0.7076408863067627
    },
    "pair_chains_iptm": {
        "0": {
            "0": 0.974135160446167,
            "1": 0.08221256732940674
        },
        "1": {
            "0": 0.1401616483926773,
            "1": 0.7076408863067627
        }
    }
}