{
    "plddt": 97.0,
    "gpde": 0.2771803140640259,
    "ptm": 0.9830098748207092,
    "iptm": 0.978087306022644,
    "chain_ptm": [
        0.9824596047401428,
        0.9442352056503296
    ],
    "chain_iptm": [
        0.978087306022644,
        0.978087306022644
    ],
    "chain_pair_iptm": [
        [
            0.0,
            0.978087306022644
        ],
        [
            0.978087306022644,
            0.0
        ]
    ],
    "chain_pair_iptm_global": [
        [
            0.0,
            0.978087306022644
        ],
        [
            0.978087306022644,
            0.0
        ]
    ],
    "chain_plddt": [
        0.96875,
        0.953125
    ],
    "chain_pair_plddt": [
        [
            0.0,
            0.96875
        ],
        [
            0.96875,
            0.0
        ]
    ],
    "has_clash": false,
    "disorder": 0.0,
    "ranking_score": 0.979071855545044,
    "num_recycles": 10
}