{
    "plddt": 97.0,
    "gpde": 0.27850085496902466,
    "ptm": 0.9829679727554321,
    "iptm": 0.9740967750549316,
    "chain_ptm": [
        0.9835278987884521,
        0.9395933151245117
    ],
    "chain_iptm": [
        0.9740967750549316,
        0.9740967750549316
    ],
    "chain_pair_iptm": [
        [
            0.0,
            0.9740967750549316
        ],
        [
            0.9740967750549316,
            0.0
        ]
    ],
    "chain_pair_iptm_global": [
        [
            0.0,
            0.9740967750549316
        ],
        [
            0.9740967750549316,
            0.0
        ]
    ],
    "chain_plddt": [
        0.96875,
        0.94140625
    ],
    "chain_pair_plddt": [
        [
            0.0,
            0.96875
        ],
        [
            0.96875,
            0.0
        ]
    ],
    "has_clash": false,
    "disorder": 0.0,
    "ranking_score": 0.9758710265159607,
    "num_recycles": 10
}