{
    "plddt": 97.0,
    "gpde": 0.2778586745262146,
    "ptm": 0.9823409914970398,
    "iptm": 0.9821018576622009,
    "chain_ptm": [
        0.9807890057563782,
        0.948010265827179
    ],
    "chain_iptm": [
        0.9821018576622009,
        0.9821018576622009
    ],
    "chain_pair_iptm": [
        [
            0.0,
            0.9821018576622009
        ],
        [
            0.9821018576622009,
            0.0
        ]
    ],
    "chain_pair_iptm_global": [
        [
            0.0,
            0.9821018576622009
        ],
        [
            0.9821018576622009,
            0.0
        ]
    ],
    "chain_plddt": [
        0.96875,
        0.9453125
    ],
    "chain_pair_plddt": [
        [
            0.0,
            0.96875
        ],
        [
            0.96875,
            0.0
        ]
    ],
    "has_clash": false,
    "disorder": 0.0,
    "ranking_score": 0.9821497201919556,
    "num_recycles": 10
}