{
    "plddt": 97.0,
    "gpde": 0.2767409384250641,
    "ptm": 0.983195960521698,
    "iptm": 0.9778411984443665,
    "chain_ptm": [
        0.9826845526695251,
        0.942247748374939
    ],
    "chain_iptm": [
        0.9778411984443665,
        0.9778411984443665
    ],
    "chain_pair_iptm": [
        [
            0.0,
            0.9778411984443665
        ],
        [
            0.9778411984443665,
            0.0
        ]
    ],
    "chain_pair_iptm_global": [
        [
            0.0,
            0.9778411984443665
        ],
        [
            0.9778411984443665,
            0.0
        ]
    ],
    "chain_plddt": [
        0.96875,
        0.94921875
    ],
    "chain_pair_plddt": [
        [
            0.0,
            0.96875
        ],
        [
            0.96875,
            0.0
        ]
    ],
    "has_clash": false,
    "disorder": 0.0,
    "ranking_score": 0.9789121747016907,
    "num_recycles": 10
}