{
    "plddt": 97.0,
    "gpde": 0.27608436346054077,
    "ptm": 0.9834523797035217,
    "iptm": 0.97932368516922,
    "chain_ptm": [
        0.9827388525009155,
        0.9430786371231079
    ],
    "chain_iptm": [
        0.97932368516922,
        0.97932368516922
    ],
    "chain_pair_iptm": [
        [
            0.0,
            0.97932368516922
        ],
        [
            0.97932368516922,
            0.0
        ]
    ],
    "chain_pair_iptm_global": [
        [
            0.0,
            0.97932368516922
        ],
        [
            0.97932368516922,
            0.0
        ]
    ],
    "chain_plddt": [
        0.96875,
        0.953125
    ],
    "chain_pair_plddt": [
        [
            0.0,
            0.96875
        ],
        [
            0.96875,
            0.0
        ]
    ],
    "has_clash": false,
    "disorder": 0.0,
    "ranking_score": 0.9801494479179382,
    "num_recycles": 10
}